--------------------------------------------------------
--  File created - Sunday-November-13-2016   
--------------------------------------------------------
DROP VIEW "HR"."EMP_DETAILS_VIEW";
DROP TABLE "HR"."CD" cascade constraints;
DROP TABLE "HR"."COMPOSITION" cascade constraints;
DROP TABLE "HR"."FONE" cascade constraints;
DROP TABLE "HR"."INTERPRETER" cascade constraints;
DROP TABLE "HR"."INTERPRETER_TRACK" cascade constraints;
DROP TABLE "HR"."PERIODMUSICAL" cascade constraints;
DROP TABLE "HR"."RECORDCOMPANY" cascade constraints;
DROP TABLE "HR"."SONGWRITER" cascade constraints;
DROP TABLE "HR"."SONGWRITER_TRACK" cascade constraints;
DROP TABLE "HR"."TRACK" cascade constraints;
DROP TABLE "HR"."AMOUNT_TRACK_CD" cascade constraints;
DROP SEQUENCE "HR"."DEPARTMENTS_SEQ";
DROP SEQUENCE "HR"."EMPLOYEES_SEQ";
DROP SEQUENCE "HR"."LOCATIONS_SEQ";
DROP SEQUENCE "HR"."SEQ_CD_COD";
DROP SEQUENCE "HR"."SEQ_CIDADE";
DROP SEQUENCE "HR"."SEQ_COMPOSITION_COD";
DROP SEQUENCE "HR"."SEQ_INTERPRETER_COD";
DROP SEQUENCE "HR"."SEQ_PESSOA";
DROP SEQUENCE "HR"."SEQ_PM_COD";
DROP SEQUENCE "HR"."SEQ_RC_COD";
DROP SEQUENCE "HR"."SEQ_SW_COD";
DROP SEQUENCE "HR"."SEQ_TRACK_COD";
DROP MATERIALIZED VIEW "HR"."AMOUNT_TRACK_CD";
DROP PROCEDURE "HR"."ADD_JOB_HISTORY";
DROP PROCEDURE "HR"."SECURE_DML";
DROP SYNONYM "PUBLIC"."DUAL";
--------------------------------------------------------
--  DDL for View EMP_DETAILS_VIEW
--------------------------------------------------------

  CREATE OR REPLACE FORCE EDITIONABLE VIEW "HR"."EMP_DETAILS_VIEW" ("EMPLOYEE_ID", "JOB_ID", "MANAGER_ID", "DEPARTMENT_ID", "LOCATION_ID", "COUNTRY_ID", "FIRST_NAME", "LAST_NAME", "SALARY", "COMMISSION_PCT", "DEPARTMENT_NAME", "JOB_TITLE", "CITY", "STATE_PROVINCE", "COUNTRY_NAME", "REGION_NAME") AS 
  SELECT
  e.employee_id,
  e.job_id,
  e.manager_id,
  e.department_id,
  d.location_id,
  l.country_id,
  e.first_name,
  e.last_name,
  e.salary,
  e.commission_pct,
  d.department_name,
  j.job_title,
  l.city,
  l.state_province,
  c.country_name,
  r.region_name
FROM
  employees e,
  departments d,
  jobs j,
  locations l,
  countries c,
  regions r
WHERE e.department_id = d.department_id
  AND d.location_id = l.location_id
  AND l.country_id = c.country_id
  AND c.region_id = r.region_id
  AND j.job_id = e.job_id
WITH READ ONLY;
--------------------------------------------------------
--  DDL for Table CD
--------------------------------------------------------

  CREATE TABLE "HR"."CD" 
   (	"COD" NUMBER, 
	"DESCRICAO" VARCHAR2(50 BYTE), 
	"PRECO_COMPRA" NUMBER(4,2), 
	"DT_GRAVACAO" DATE, 
	"COD_GRAVADORA" NUMBER, 
	"AMOUNT_TRACK" NUMBER(*,0), 
	"DT_COMPRA" DATE
   ) SEGMENT CREATION IMMEDIATE 
  PCTFREE 10 PCTUSED 40 INITRANS 1 MAXTRANS 255 
 NOCOMPRESS LOGGING
  STORAGE(INITIAL 65536 NEXT 1048576 MINEXTENTS 1 MAXEXTENTS 2147483645
  PCTINCREASE 0 FREELISTS 1 FREELIST GROUPS 1
  BUFFER_POOL DEFAULT FLASH_CACHE DEFAULT CELL_FLASH_CACHE DEFAULT)
  TABLESPACE "SECOND_FILES" ;
--------------------------------------------------------
--  DDL for Table COMPOSITION
--------------------------------------------------------

  CREATE TABLE "HR"."COMPOSITION" 
   (	"COD" NUMBER, 
	"DESCRICAO" VARCHAR2(50 BYTE)
   ) SEGMENT CREATION IMMEDIATE 
  PCTFREE 10 PCTUSED 40 INITRANS 1 MAXTRANS 255 
 NOCOMPRESS NOLOGGING
  STORAGE(INITIAL 65536 NEXT 1048576 MINEXTENTS 1 MAXEXTENTS 2147483645
  PCTINCREASE 0 FREELISTS 1 FREELIST GROUPS 1
  BUFFER_POOL DEFAULT FLASH_CACHE DEFAULT CELL_FLASH_CACHE DEFAULT)
  TABLESPACE "PRIMARY_FILES" ;
--------------------------------------------------------
--  DDL for Table FONE
--------------------------------------------------------

  CREATE TABLE "HR"."FONE" 
   (	"TELEFONE" VARCHAR2(11 BYTE), 
	"COD_GRAVADORA" NUMBER
   ) SEGMENT CREATION IMMEDIATE 
  PCTFREE 10 PCTUSED 40 INITRANS 1 MAXTRANS 255 
 NOCOMPRESS LOGGING
  STORAGE(INITIAL 65536 NEXT 1048576 MINEXTENTS 1 MAXEXTENTS 2147483645
  PCTINCREASE 0 FREELISTS 1 FREELIST GROUPS 1
  BUFFER_POOL DEFAULT FLASH_CACHE DEFAULT CELL_FLASH_CACHE DEFAULT)
  TABLESPACE "PRIMARY_FILES" ;
--------------------------------------------------------
--  DDL for Table INTERPRETER
--------------------------------------------------------

  CREATE TABLE "HR"."INTERPRETER" 
   (	"COD" NUMBER, 
	"NOME" VARCHAR2(50 BYTE), 
	"TIPO" VARCHAR2(20 BYTE)
   ) SEGMENT CREATION IMMEDIATE 
  PCTFREE 10 PCTUSED 40 INITRANS 1 MAXTRANS 255 
 NOCOMPRESS LOGGING
  STORAGE(INITIAL 65536 NEXT 1048576 MINEXTENTS 1 MAXEXTENTS 2147483645
  PCTINCREASE 0 FREELISTS 1 FREELIST GROUPS 1
  BUFFER_POOL DEFAULT FLASH_CACHE DEFAULT CELL_FLASH_CACHE DEFAULT)
  TABLESPACE "PRIMARY_FILES" 
  PARALLEL ;
--------------------------------------------------------
--  DDL for Table INTERPRETER_TRACK
--------------------------------------------------------

  CREATE TABLE "HR"."INTERPRETER_TRACK" 
   (	"COD_INTERPRETER" NUMBER, 
	"COD_TRACK" NUMBER
   ) SEGMENT CREATION IMMEDIATE 
  PCTFREE 10 PCTUSED 40 INITRANS 1 MAXTRANS 255 
 NOCOMPRESS LOGGING
  STORAGE(INITIAL 65536 NEXT 1048576 MINEXTENTS 1 MAXEXTENTS 2147483645
  PCTINCREASE 0 FREELISTS 1 FREELIST GROUPS 1
  BUFFER_POOL DEFAULT FLASH_CACHE DEFAULT CELL_FLASH_CACHE DEFAULT)
  TABLESPACE "PRIMARY_FILES" ;
--------------------------------------------------------
--  DDL for Table PERIODMUSICAL
--------------------------------------------------------

  CREATE TABLE "HR"."PERIODMUSICAL" 
   (	"COD" NUMBER, 
	"DESCRICAO" VARCHAR2(30 BYTE), 
	"DT_INICIO" DATE, 
	"DT_FINAL" DATE
   ) SEGMENT CREATION IMMEDIATE 
  PCTFREE 10 PCTUSED 40 INITRANS 1 MAXTRANS 255 
 NOCOMPRESS NOLOGGING
  STORAGE(INITIAL 65536 NEXT 1048576 MINEXTENTS 1 MAXEXTENTS 2147483645
  PCTINCREASE 0 FREELISTS 1 FREELIST GROUPS 1
  BUFFER_POOL DEFAULT FLASH_CACHE DEFAULT CELL_FLASH_CACHE DEFAULT)
  TABLESPACE "PRIMARY_FILES" ;
--------------------------------------------------------
--  DDL for Table RECORDCOMPANY
--------------------------------------------------------

  CREATE TABLE "HR"."RECORDCOMPANY" 
   (	"COD" NUMBER, 
	"NOME" VARCHAR2(20 BYTE), 
	"RUA" VARCHAR2(20 BYTE), 
	"NUMERO" VARCHAR2(5 BYTE), 
	"CIDADE" VARCHAR2(20 BYTE), 
	"SITE" VARCHAR2(100 BYTE), 
	"NUM_FONE" NUMBER DEFAULT 0
   ) SEGMENT CREATION IMMEDIATE 
  PCTFREE 10 PCTUSED 40 INITRANS 1 MAXTRANS 255 
 NOCOMPRESS LOGGING
  STORAGE(INITIAL 65536 NEXT 1048576 MINEXTENTS 1 MAXEXTENTS 2147483645
  PCTINCREASE 0 FREELISTS 1 FREELIST GROUPS 1
  BUFFER_POOL DEFAULT FLASH_CACHE DEFAULT CELL_FLASH_CACHE DEFAULT)
  TABLESPACE "SECOND_FILES" 
  PARALLEL ;
--------------------------------------------------------
--  DDL for Table SONGWRITER
--------------------------------------------------------

  CREATE TABLE "HR"."SONGWRITER" 
   (	"COD" NUMBER, 
	"NOME" VARCHAR2(50 BYTE), 
	"DT_NASC" DATE, 
	"DT_MORTE" DATE, 
	"COD_PM" NUMBER
   ) SEGMENT CREATION IMMEDIATE 
  PCTFREE 10 PCTUSED 40 INITRANS 1 MAXTRANS 255 
 NOCOMPRESS NOLOGGING
  STORAGE(INITIAL 65536 NEXT 1048576 MINEXTENTS 1 MAXEXTENTS 2147483645
  PCTINCREASE 0 FREELISTS 1 FREELIST GROUPS 1
  BUFFER_POOL DEFAULT FLASH_CACHE DEFAULT CELL_FLASH_CACHE DEFAULT)
  TABLESPACE "PRIMARY_FILES" ;
--------------------------------------------------------
--  DDL for Table SONGWRITER_TRACK
--------------------------------------------------------

  CREATE TABLE "HR"."SONGWRITER_TRACK" 
   (	"COD_SW" NUMBER DEFAULT null, 
	"COD_TRACK" NUMBER
   ) SEGMENT CREATION IMMEDIATE 
  PCTFREE 10 PCTUSED 40 INITRANS 1 MAXTRANS 255 
 NOCOMPRESS LOGGING
  STORAGE(INITIAL 65536 NEXT 1048576 MINEXTENTS 1 MAXEXTENTS 2147483645
  PCTINCREASE 0 FREELISTS 1 FREELIST GROUPS 1
  BUFFER_POOL DEFAULT FLASH_CACHE DEFAULT CELL_FLASH_CACHE DEFAULT)
  TABLESPACE "USERS" ;
--------------------------------------------------------
--  DDL for Table TRACK
--------------------------------------------------------

  CREATE TABLE "HR"."TRACK" 
   (	"COD" NUMBER, 
	"DESCRICAO" VARCHAR2(50 BYTE), 
	"TIPO_GRAVACAO" CHAR(3 BYTE), 
	"POSICAO" NUMBER, 
	"COD_CD" NUMBER, 
	"COD_COMPOSITION" NUMBER
   ) SEGMENT CREATION IMMEDIATE 
  PCTFREE 10 PCTUSED 40 INITRANS 1 MAXTRANS 255 
 NOCOMPRESS LOGGING
  STORAGE(INITIAL 65536 NEXT 1048576 MINEXTENTS 1 MAXEXTENTS 2147483645
  PCTINCREASE 0 FREELISTS 1 FREELIST GROUPS 1
  BUFFER_POOL DEFAULT FLASH_CACHE DEFAULT CELL_FLASH_CACHE DEFAULT)
  TABLESPACE "PRIMARY_FILES" ;
--------------------------------------------------------
--  DDL for Table AMOUNT_TRACK_CD
--------------------------------------------------------

  CREATE TABLE "HR"."AMOUNT_TRACK_CD" 
   (	"COD_CD" NUMBER, 
	"AMOUNT_TRACK" NUMBER
   ) SEGMENT CREATION IMMEDIATE 
  PCTFREE 10 PCTUSED 40 INITRANS 1 MAXTRANS 255 
 NOCOMPRESS LOGGING
  STORAGE(INITIAL 65536 NEXT 1048576 MINEXTENTS 1 MAXEXTENTS 2147483645
  PCTINCREASE 0 FREELISTS 1 FREELIST GROUPS 1
  BUFFER_POOL DEFAULT FLASH_CACHE DEFAULT CELL_FLASH_CACHE DEFAULT)
  TABLESPACE "USERS" ;
--------------------------------------------------------
--  DDL for Sequence DEPARTMENTS_SEQ
--------------------------------------------------------

   CREATE SEQUENCE  "HR"."DEPARTMENTS_SEQ"  MINVALUE 1 MAXVALUE 9990 INCREMENT BY 10 START WITH 280 NOCACHE  NOORDER  NOCYCLE  NOPARTITION ;
--------------------------------------------------------
--  DDL for Sequence EMPLOYEES_SEQ
--------------------------------------------------------

   CREATE SEQUENCE  "HR"."EMPLOYEES_SEQ"  MINVALUE 1 MAXVALUE 9999999999999999999999999999 INCREMENT BY 1 START WITH 207 NOCACHE  NOORDER  NOCYCLE  NOPARTITION ;
--------------------------------------------------------
--  DDL for Sequence LOCATIONS_SEQ
--------------------------------------------------------

   CREATE SEQUENCE  "HR"."LOCATIONS_SEQ"  MINVALUE 1 MAXVALUE 9900 INCREMENT BY 100 START WITH 3300 NOCACHE  NOORDER  NOCYCLE  NOPARTITION ;
--------------------------------------------------------
--  DDL for Sequence SEQ_CD_COD
--------------------------------------------------------

   CREATE SEQUENCE  "HR"."SEQ_CD_COD"  MINVALUE 1 MAXVALUE 9999999999999999999999999999 INCREMENT BY 1 START WITH 101 CACHE 20 NOORDER  NOCYCLE  NOPARTITION ;
--------------------------------------------------------
--  DDL for Sequence SEQ_CIDADE
--------------------------------------------------------

   CREATE SEQUENCE  "HR"."SEQ_CIDADE"  MINVALUE 1 MAXVALUE 9999999999999999999999999999 INCREMENT BY 1 START WITH 1 NOCACHE  NOORDER  NOCYCLE  NOPARTITION ;
--------------------------------------------------------
--  DDL for Sequence SEQ_COMPOSITION_COD
--------------------------------------------------------

   CREATE SEQUENCE  "HR"."SEQ_COMPOSITION_COD"  MINVALUE 1 MAXVALUE 9999999999999999999999999999 INCREMENT BY 1 START WITH 21 CACHE 20 NOORDER  NOCYCLE  NOPARTITION ;
--------------------------------------------------------
--  DDL for Sequence SEQ_INTERPRETER_COD
--------------------------------------------------------

   CREATE SEQUENCE  "HR"."SEQ_INTERPRETER_COD"  MINVALUE 1 MAXVALUE 9999999999999999999999999999 INCREMENT BY 1 START WITH 81 CACHE 20 NOORDER  NOCYCLE  NOPARTITION ;
--------------------------------------------------------
--  DDL for Sequence SEQ_PESSOA
--------------------------------------------------------

   CREATE SEQUENCE  "HR"."SEQ_PESSOA"  MINVALUE 1 MAXVALUE 9999999999999999999999999999 INCREMENT BY 1 START WITH 21 CACHE 20 NOORDER  NOCYCLE  NOPARTITION ;
--------------------------------------------------------
--  DDL for Sequence SEQ_PM_COD
--------------------------------------------------------

   CREATE SEQUENCE  "HR"."SEQ_PM_COD"  MINVALUE 1 MAXVALUE 9999999999999999999999999999 INCREMENT BY 1 START WITH 41 CACHE 20 NOORDER  NOCYCLE  NOPARTITION ;
--------------------------------------------------------
--  DDL for Sequence SEQ_RC_COD
--------------------------------------------------------

   CREATE SEQUENCE  "HR"."SEQ_RC_COD"  MINVALUE 1 MAXVALUE 9999999999999999999999999999 INCREMENT BY 1 START WITH 21 CACHE 20 NOORDER  NOCYCLE  NOPARTITION ;
--------------------------------------------------------
--  DDL for Sequence SEQ_SW_COD
--------------------------------------------------------

   CREATE SEQUENCE  "HR"."SEQ_SW_COD"  MINVALUE 1 MAXVALUE 9999999999999999999999999999 INCREMENT BY 1 START WITH 101 CACHE 20 NOORDER  NOCYCLE  NOPARTITION ;
--------------------------------------------------------
--  DDL for Sequence SEQ_TRACK_COD
--------------------------------------------------------

   CREATE SEQUENCE  "HR"."SEQ_TRACK_COD"  MINVALUE 1 MAXVALUE 9999999999999999999999999999 INCREMENT BY 1 START WITH 221 CACHE 20 NOORDER  NOCYCLE  NOPARTITION ;
--------------------------------------------------------
--  DDL for Materialized View AMOUNT_TRACK_CD
--------------------------------------------------------

  CREATE MATERIALIZED VIEW "HR"."AMOUNT_TRACK_CD" ("COD_CD", "AMOUNT_TRACK")
  ORGANIZATION HEAP PCTFREE 10 PCTUSED 40 INITRANS 1 MAXTRANS 255 
 NOCOMPRESS LOGGING
  STORAGE(INITIAL 65536 NEXT 1048576 MINEXTENTS 1 MAXEXTENTS 2147483645
  PCTINCREASE 0 FREELISTS 1 FREELIST GROUPS 1
  BUFFER_POOL DEFAULT FLASH_CACHE DEFAULT CELL_FLASH_CACHE DEFAULT)
  TABLESPACE "USERS" 
  BUILD IMMEDIATE
  USING INDEX PCTFREE 10 INITRANS 2 MAXTRANS 255 
  STORAGE(INITIAL 65536 NEXT 1048576 MINEXTENTS 1 MAXEXTENTS 2147483645
  PCTINCREASE 0 FREELISTS 1 FREELIST GROUPS 1
  BUFFER_POOL DEFAULT FLASH_CACHE DEFAULT CELL_FLASH_CACHE DEFAULT)
  TABLESPACE "USERS" 
  REFRESH COMPLETE ON COMMIT
  USING DEFAULT LOCAL ROLLBACK SEGMENT
  USING ENFORCED CONSTRAINTS DISABLE QUERY REWRITE
  AS select cod_cd, count(*) as amount_track
from track
group by cod_cd;

  CREATE UNIQUE INDEX "HR"."I_SNAP$_AMOUNT_TRACK_CD" ON "HR"."AMOUNT_TRACK_CD" (SYS_OP_MAP_NONNULL("COD_CD")) 
  PCTFREE 10 INITRANS 2 MAXTRANS 255 COMPUTE STATISTICS 
  STORAGE(INITIAL 65536 NEXT 1048576 MINEXTENTS 1 MAXEXTENTS 2147483645
  PCTINCREASE 0 FREELISTS 1 FREELIST GROUPS 1
  BUFFER_POOL DEFAULT FLASH_CACHE DEFAULT CELL_FLASH_CACHE DEFAULT)
  TABLESPACE "USERS" ;

   COMMENT ON MATERIALIZED VIEW "HR"."AMOUNT_TRACK_CD"  IS 'snapshot table for snapshot HR.AMOUNT_TRACK_CD';
REM INSERTING into HR.AMOUNT_TRACK_CD
SET DEFINE OFF;
Insert into HR.AMOUNT_TRACK_CD (COD_CD,AMOUNT_TRACK) values ('2','20');
Insert into HR.AMOUNT_TRACK_CD (COD_CD,AMOUNT_TRACK) values ('41','20');
Insert into HR.AMOUNT_TRACK_CD (COD_CD,AMOUNT_TRACK) values ('42','20');
Insert into HR.AMOUNT_TRACK_CD (COD_CD,AMOUNT_TRACK) values ('61','20');
Insert into HR.AMOUNT_TRACK_CD (COD_CD,AMOUNT_TRACK) values ('81','20');
commit;
REM INSERTING into HR.CD
SET DEFINE OFF;
Insert into HR.CD (COD,DESCRICAO,PRECO_COMPRA,DT_GRAVACAO,COD_GRAVADORA,AMOUNT_TRACK,DT_COMPRA) values ('61','Chico Buarque - Perfil','15,85',to_date('03/06/03','DD/MM/RR'),'3','20',to_date('03/06/05','DD/MM/RR'));
Insert into HR.CD (COD,DESCRICAO,PRECO_COMPRA,DT_GRAVACAO,COD_GRAVADORA,AMOUNT_TRACK,DT_COMPRA) values ('2','A volta do Boêmio','19,65',to_date('23/07/90','DD/MM/RR'),'2','20',to_date('23/07/00','DD/MM/RR'));
Insert into HR.CD (COD,DESCRICAO,PRECO_COMPRA,DT_GRAVACAO,COD_GRAVADORA,AMOUNT_TRACK,DT_COMPRA) values ('81','Declare Guerra','20',to_date('03/03/86','DD/MM/RR'),'2','20',to_date('03/03/90','DD/MM/RR'));
Insert into HR.CD (COD,DESCRICAO,PRECO_COMPRA,DT_GRAVACAO,COD_GRAVADORA,AMOUNT_TRACK,DT_COMPRA) values ('42','Legião Urbana - 30 anos','30',to_date('20/09/99','DD/MM/RR'),'4','20',to_date('20/09/03','DD/MM/RR'));
Insert into HR.CD (COD,DESCRICAO,PRECO_COMPRA,DT_GRAVACAO,COD_GRAVADORA,AMOUNT_TRACK,DT_COMPRA) values ('41','Nova Bis','20',to_date('19/08/78','DD/MM/RR'),'5','20',to_date('19/08/86','DD/MM/RR'));
commit;
REM INSERTING into HR.COMPOSITION
SET DEFINE OFF;
Insert into HR.COMPOSITION (COD,DESCRICAO) values ('1','rock');
Insert into HR.COMPOSITION (COD,DESCRICAO) values ('2','Música clássica');
Insert into HR.COMPOSITION (COD,DESCRICAO) values ('3','Pop');
Insert into HR.COMPOSITION (COD,DESCRICAO) values ('4','Brega');
Insert into HR.COMPOSITION (COD,DESCRICAO) values ('5','MPB');
Insert into HR.COMPOSITION (COD,DESCRICAO) values ('6','Lambada');
commit;
REM INSERTING into HR.FONE
SET DEFINE OFF;
Insert into HR.FONE (TELEFONE,COD_GRAVADORA) values ('11987657876','5');
Insert into HR.FONE (TELEFONE,COD_GRAVADORA) values ('11988764543','4');
Insert into HR.FONE (TELEFONE,COD_GRAVADORA) values ('11989078965','3');
Insert into HR.FONE (TELEFONE,COD_GRAVADORA) values ('88994657908','1');
Insert into HR.FONE (TELEFONE,COD_GRAVADORA) values ('88997777777','2');
commit;
REM INSERTING into HR.INTERPRETER
SET DEFINE OFF;
Insert into HR.INTERPRETER (COD,NOME,TIPO) values ('2','Chico Buarque','Solo');
Insert into HR.INTERPRETER (COD,NOME,TIPO) values ('41','Beto Guedes','Solo');
Insert into HR.INTERPRETER (COD,NOME,TIPO) values ('42','Legião Urbana','Banda');
Insert into HR.INTERPRETER (COD,NOME,TIPO) values ('1','Nelson Gonçalves','Solo');
Insert into HR.INTERPRETER (COD,NOME,TIPO) values ('61','Barão Vermelho','Banda');
commit;
REM INSERTING into HR.INTERPRETER_TRACK
SET DEFINE OFF;
Insert into HR.INTERPRETER_TRACK (COD_INTERPRETER,COD_TRACK) values ('1','87');
Insert into HR.INTERPRETER_TRACK (COD_INTERPRETER,COD_TRACK) values ('1','89');
Insert into HR.INTERPRETER_TRACK (COD_INTERPRETER,COD_TRACK) values ('1','90');
Insert into HR.INTERPRETER_TRACK (COD_INTERPRETER,COD_TRACK) values ('1','91');
Insert into HR.INTERPRETER_TRACK (COD_INTERPRETER,COD_TRACK) values ('1','92');
Insert into HR.INTERPRETER_TRACK (COD_INTERPRETER,COD_TRACK) values ('1','93');
Insert into HR.INTERPRETER_TRACK (COD_INTERPRETER,COD_TRACK) values ('1','94');
Insert into HR.INTERPRETER_TRACK (COD_INTERPRETER,COD_TRACK) values ('1','95');
Insert into HR.INTERPRETER_TRACK (COD_INTERPRETER,COD_TRACK) values ('1','96');
Insert into HR.INTERPRETER_TRACK (COD_INTERPRETER,COD_TRACK) values ('1','97');
Insert into HR.INTERPRETER_TRACK (COD_INTERPRETER,COD_TRACK) values ('1','98');
Insert into HR.INTERPRETER_TRACK (COD_INTERPRETER,COD_TRACK) values ('1','99');
Insert into HR.INTERPRETER_TRACK (COD_INTERPRETER,COD_TRACK) values ('1','100');
Insert into HR.INTERPRETER_TRACK (COD_INTERPRETER,COD_TRACK) values ('1','101');
Insert into HR.INTERPRETER_TRACK (COD_INTERPRETER,COD_TRACK) values ('1','102');
Insert into HR.INTERPRETER_TRACK (COD_INTERPRETER,COD_TRACK) values ('1','103');
Insert into HR.INTERPRETER_TRACK (COD_INTERPRETER,COD_TRACK) values ('1','104');
Insert into HR.INTERPRETER_TRACK (COD_INTERPRETER,COD_TRACK) values ('1','105');
Insert into HR.INTERPRETER_TRACK (COD_INTERPRETER,COD_TRACK) values ('1','106');
Insert into HR.INTERPRETER_TRACK (COD_INTERPRETER,COD_TRACK) values ('1','107');
Insert into HR.INTERPRETER_TRACK (COD_INTERPRETER,COD_TRACK) values ('2','161');
Insert into HR.INTERPRETER_TRACK (COD_INTERPRETER,COD_TRACK) values ('2','181');
Insert into HR.INTERPRETER_TRACK (COD_INTERPRETER,COD_TRACK) values ('2','182');
Insert into HR.INTERPRETER_TRACK (COD_INTERPRETER,COD_TRACK) values ('2','183');
Insert into HR.INTERPRETER_TRACK (COD_INTERPRETER,COD_TRACK) values ('2','184');
Insert into HR.INTERPRETER_TRACK (COD_INTERPRETER,COD_TRACK) values ('2','185');
Insert into HR.INTERPRETER_TRACK (COD_INTERPRETER,COD_TRACK) values ('2','186');
Insert into HR.INTERPRETER_TRACK (COD_INTERPRETER,COD_TRACK) values ('2','187');
Insert into HR.INTERPRETER_TRACK (COD_INTERPRETER,COD_TRACK) values ('2','188');
Insert into HR.INTERPRETER_TRACK (COD_INTERPRETER,COD_TRACK) values ('2','189');
Insert into HR.INTERPRETER_TRACK (COD_INTERPRETER,COD_TRACK) values ('2','190');
Insert into HR.INTERPRETER_TRACK (COD_INTERPRETER,COD_TRACK) values ('2','191');
Insert into HR.INTERPRETER_TRACK (COD_INTERPRETER,COD_TRACK) values ('2','192');
Insert into HR.INTERPRETER_TRACK (COD_INTERPRETER,COD_TRACK) values ('2','193');
Insert into HR.INTERPRETER_TRACK (COD_INTERPRETER,COD_TRACK) values ('2','194');
Insert into HR.INTERPRETER_TRACK (COD_INTERPRETER,COD_TRACK) values ('2','195');
Insert into HR.INTERPRETER_TRACK (COD_INTERPRETER,COD_TRACK) values ('2','196');
Insert into HR.INTERPRETER_TRACK (COD_INTERPRETER,COD_TRACK) values ('2','197');
Insert into HR.INTERPRETER_TRACK (COD_INTERPRETER,COD_TRACK) values ('2','198');
Insert into HR.INTERPRETER_TRACK (COD_INTERPRETER,COD_TRACK) values ('2','199');
Insert into HR.INTERPRETER_TRACK (COD_INTERPRETER,COD_TRACK) values ('41','111');
Insert into HR.INTERPRETER_TRACK (COD_INTERPRETER,COD_TRACK) values ('41','112');
Insert into HR.INTERPRETER_TRACK (COD_INTERPRETER,COD_TRACK) values ('41','113');
Insert into HR.INTERPRETER_TRACK (COD_INTERPRETER,COD_TRACK) values ('41','114');
Insert into HR.INTERPRETER_TRACK (COD_INTERPRETER,COD_TRACK) values ('41','115');
Insert into HR.INTERPRETER_TRACK (COD_INTERPRETER,COD_TRACK) values ('41','116');
Insert into HR.INTERPRETER_TRACK (COD_INTERPRETER,COD_TRACK) values ('41','117');
Insert into HR.INTERPRETER_TRACK (COD_INTERPRETER,COD_TRACK) values ('41','118');
Insert into HR.INTERPRETER_TRACK (COD_INTERPRETER,COD_TRACK) values ('41','119');
Insert into HR.INTERPRETER_TRACK (COD_INTERPRETER,COD_TRACK) values ('41','120');
Insert into HR.INTERPRETER_TRACK (COD_INTERPRETER,COD_TRACK) values ('41','121');
Insert into HR.INTERPRETER_TRACK (COD_INTERPRETER,COD_TRACK) values ('41','122');
Insert into HR.INTERPRETER_TRACK (COD_INTERPRETER,COD_TRACK) values ('41','123');
Insert into HR.INTERPRETER_TRACK (COD_INTERPRETER,COD_TRACK) values ('41','124');
Insert into HR.INTERPRETER_TRACK (COD_INTERPRETER,COD_TRACK) values ('41','125');
Insert into HR.INTERPRETER_TRACK (COD_INTERPRETER,COD_TRACK) values ('41','126');
Insert into HR.INTERPRETER_TRACK (COD_INTERPRETER,COD_TRACK) values ('41','127');
Insert into HR.INTERPRETER_TRACK (COD_INTERPRETER,COD_TRACK) values ('41','128');
Insert into HR.INTERPRETER_TRACK (COD_INTERPRETER,COD_TRACK) values ('41','129');
Insert into HR.INTERPRETER_TRACK (COD_INTERPRETER,COD_TRACK) values ('41','130');
Insert into HR.INTERPRETER_TRACK (COD_INTERPRETER,COD_TRACK) values ('42','141');
Insert into HR.INTERPRETER_TRACK (COD_INTERPRETER,COD_TRACK) values ('42','142');
Insert into HR.INTERPRETER_TRACK (COD_INTERPRETER,COD_TRACK) values ('42','143');
Insert into HR.INTERPRETER_TRACK (COD_INTERPRETER,COD_TRACK) values ('42','144');
Insert into HR.INTERPRETER_TRACK (COD_INTERPRETER,COD_TRACK) values ('42','145');
Insert into HR.INTERPRETER_TRACK (COD_INTERPRETER,COD_TRACK) values ('42','146');
Insert into HR.INTERPRETER_TRACK (COD_INTERPRETER,COD_TRACK) values ('42','147');
Insert into HR.INTERPRETER_TRACK (COD_INTERPRETER,COD_TRACK) values ('42','148');
Insert into HR.INTERPRETER_TRACK (COD_INTERPRETER,COD_TRACK) values ('42','149');
Insert into HR.INTERPRETER_TRACK (COD_INTERPRETER,COD_TRACK) values ('42','150');
Insert into HR.INTERPRETER_TRACK (COD_INTERPRETER,COD_TRACK) values ('42','151');
Insert into HR.INTERPRETER_TRACK (COD_INTERPRETER,COD_TRACK) values ('42','152');
Insert into HR.INTERPRETER_TRACK (COD_INTERPRETER,COD_TRACK) values ('42','153');
Insert into HR.INTERPRETER_TRACK (COD_INTERPRETER,COD_TRACK) values ('42','154');
Insert into HR.INTERPRETER_TRACK (COD_INTERPRETER,COD_TRACK) values ('42','155');
Insert into HR.INTERPRETER_TRACK (COD_INTERPRETER,COD_TRACK) values ('42','156');
Insert into HR.INTERPRETER_TRACK (COD_INTERPRETER,COD_TRACK) values ('42','157');
Insert into HR.INTERPRETER_TRACK (COD_INTERPRETER,COD_TRACK) values ('42','158');
Insert into HR.INTERPRETER_TRACK (COD_INTERPRETER,COD_TRACK) values ('42','159');
Insert into HR.INTERPRETER_TRACK (COD_INTERPRETER,COD_TRACK) values ('42','160');
Insert into HR.INTERPRETER_TRACK (COD_INTERPRETER,COD_TRACK) values ('61','201');
Insert into HR.INTERPRETER_TRACK (COD_INTERPRETER,COD_TRACK) values ('61','202');
Insert into HR.INTERPRETER_TRACK (COD_INTERPRETER,COD_TRACK) values ('61','203');
Insert into HR.INTERPRETER_TRACK (COD_INTERPRETER,COD_TRACK) values ('61','204');
Insert into HR.INTERPRETER_TRACK (COD_INTERPRETER,COD_TRACK) values ('61','205');
Insert into HR.INTERPRETER_TRACK (COD_INTERPRETER,COD_TRACK) values ('61','206');
Insert into HR.INTERPRETER_TRACK (COD_INTERPRETER,COD_TRACK) values ('61','207');
Insert into HR.INTERPRETER_TRACK (COD_INTERPRETER,COD_TRACK) values ('61','208');
Insert into HR.INTERPRETER_TRACK (COD_INTERPRETER,COD_TRACK) values ('61','209');
Insert into HR.INTERPRETER_TRACK (COD_INTERPRETER,COD_TRACK) values ('61','210');
Insert into HR.INTERPRETER_TRACK (COD_INTERPRETER,COD_TRACK) values ('61','211');
Insert into HR.INTERPRETER_TRACK (COD_INTERPRETER,COD_TRACK) values ('61','212');
Insert into HR.INTERPRETER_TRACK (COD_INTERPRETER,COD_TRACK) values ('61','213');
Insert into HR.INTERPRETER_TRACK (COD_INTERPRETER,COD_TRACK) values ('61','214');
Insert into HR.INTERPRETER_TRACK (COD_INTERPRETER,COD_TRACK) values ('61','215');
Insert into HR.INTERPRETER_TRACK (COD_INTERPRETER,COD_TRACK) values ('61','216');
Insert into HR.INTERPRETER_TRACK (COD_INTERPRETER,COD_TRACK) values ('61','217');
Insert into HR.INTERPRETER_TRACK (COD_INTERPRETER,COD_TRACK) values ('61','218');
Insert into HR.INTERPRETER_TRACK (COD_INTERPRETER,COD_TRACK) values ('61','219');
Insert into HR.INTERPRETER_TRACK (COD_INTERPRETER,COD_TRACK) values ('61','220');
commit;
REM INSERTING into HR.PERIODMUSICAL
SET DEFINE OFF;
Insert into HR.PERIODMUSICAL (COD,DESCRICAO,DT_INICIO,DT_FINAL) values ('3','Era de Ouro',to_date('09/07/30','DD/MM/RR'),to_date('15/08/40','DD/MM/RR'));
Insert into HR.PERIODMUSICAL (COD,DESCRICAO,DT_INICIO,DT_FINAL) values ('1','Jovem Guarda',to_date('08/01/65','DD/MM/RR'),to_date('08/01/68','DD/MM/RR'));
Insert into HR.PERIODMUSICAL (COD,DESCRICAO,DT_INICIO,DT_FINAL) values ('2','MPB',to_date('08/01/80','DD/MM/RR'),to_date('08/01/88','DD/MM/RR'));
commit;
REM INSERTING into HR.RECORDCOMPANY
SET DEFINE OFF;
Insert into HR.RECORDCOMPANY (COD,NOME,RUA,NUMERO,CIDADE,SITE,NUM_FONE) values ('1','Som Livre','Av. Paulista','1787','São Paulo','www.somlivre.com','1');
Insert into HR.RECORDCOMPANY (COD,NOME,RUA,NUMERO,CIDADE,SITE,NUM_FONE) values ('2','Universal Music','Rua Said Aiach','305','São Paulo','www.universalmusic.com.br','1');
Insert into HR.RECORDCOMPANY (COD,NOME,RUA,NUMERO,CIDADE,SITE,NUM_FONE) values ('3','Warner Music','Av. Tamboré','25','São Paulo','www.warnermusic.com.br','1');
Insert into HR.RECORDCOMPANY (COD,NOME,RUA,NUMERO,CIDADE,SITE,NUM_FONE) values ('4','EMI Music','Av. Rodolfo Almeida','333','São Paulo','www.emimusic.com','1');
Insert into HR.RECORDCOMPANY (COD,NOME,RUA,NUMERO,CIDADE,SITE,NUM_FONE) values ('5','Sony Music','Rua Edgar Teotônio','351','São Paulo','www.sonymusic.com.br','1');
commit;
REM INSERTING into HR.SONGWRITER
SET DEFINE OFF;
Insert into HR.SONGWRITER (COD,NOME,DT_NASC,DT_MORTE,COD_PM) values ('3','Chico Buarque',to_date('19/06/44','DD/MM/RR'),null,'1');
Insert into HR.SONGWRITER (COD,NOME,DT_NASC,DT_MORTE,COD_PM) values ('2','Nelson Gonçalves',to_date('21/06/19','DD/MM/RR'),to_date('18/04/98','DD/MM/RR'),'1');
Insert into HR.SONGWRITER (COD,NOME,DT_NASC,DT_MORTE,COD_PM) values ('81','Cazuza',to_date('04/04/58','DD/MM/RR'),to_date('07/07/90','DD/MM/RR'),'3');
Insert into HR.SONGWRITER (COD,NOME,DT_NASC,DT_MORTE,COD_PM) values ('41','Beto Guedes',to_date('13/08/51','DD/MM/RR'),null,'2');
Insert into HR.SONGWRITER (COD,NOME,DT_NASC,DT_MORTE,COD_PM) values ('61','Renato Russo',to_date('27/03/60','DD/MM/RR'),to_date('11/11/96','DD/MM/RR'),'2');
commit;
REM INSERTING into HR.SONGWRITER_TRACK
SET DEFINE OFF;
Insert into HR.SONGWRITER_TRACK (COD_SW,COD_TRACK) values ('2','87');
Insert into HR.SONGWRITER_TRACK (COD_SW,COD_TRACK) values ('2','89');
Insert into HR.SONGWRITER_TRACK (COD_SW,COD_TRACK) values ('2','90');
Insert into HR.SONGWRITER_TRACK (COD_SW,COD_TRACK) values ('2','91');
Insert into HR.SONGWRITER_TRACK (COD_SW,COD_TRACK) values ('2','92');
Insert into HR.SONGWRITER_TRACK (COD_SW,COD_TRACK) values ('2','93');
Insert into HR.SONGWRITER_TRACK (COD_SW,COD_TRACK) values ('2','94');
Insert into HR.SONGWRITER_TRACK (COD_SW,COD_TRACK) values ('2','95');
Insert into HR.SONGWRITER_TRACK (COD_SW,COD_TRACK) values ('2','96');
Insert into HR.SONGWRITER_TRACK (COD_SW,COD_TRACK) values ('2','97');
Insert into HR.SONGWRITER_TRACK (COD_SW,COD_TRACK) values ('2','98');
Insert into HR.SONGWRITER_TRACK (COD_SW,COD_TRACK) values ('2','99');
Insert into HR.SONGWRITER_TRACK (COD_SW,COD_TRACK) values ('2','100');
Insert into HR.SONGWRITER_TRACK (COD_SW,COD_TRACK) values ('2','101');
Insert into HR.SONGWRITER_TRACK (COD_SW,COD_TRACK) values ('2','102');
Insert into HR.SONGWRITER_TRACK (COD_SW,COD_TRACK) values ('2','103');
Insert into HR.SONGWRITER_TRACK (COD_SW,COD_TRACK) values ('2','104');
Insert into HR.SONGWRITER_TRACK (COD_SW,COD_TRACK) values ('2','105');
Insert into HR.SONGWRITER_TRACK (COD_SW,COD_TRACK) values ('2','106');
Insert into HR.SONGWRITER_TRACK (COD_SW,COD_TRACK) values ('2','107');
Insert into HR.SONGWRITER_TRACK (COD_SW,COD_TRACK) values ('3','161');
Insert into HR.SONGWRITER_TRACK (COD_SW,COD_TRACK) values ('3','181');
Insert into HR.SONGWRITER_TRACK (COD_SW,COD_TRACK) values ('3','182');
Insert into HR.SONGWRITER_TRACK (COD_SW,COD_TRACK) values ('3','183');
Insert into HR.SONGWRITER_TRACK (COD_SW,COD_TRACK) values ('3','184');
Insert into HR.SONGWRITER_TRACK (COD_SW,COD_TRACK) values ('3','185');
Insert into HR.SONGWRITER_TRACK (COD_SW,COD_TRACK) values ('3','186');
Insert into HR.SONGWRITER_TRACK (COD_SW,COD_TRACK) values ('3','187');
Insert into HR.SONGWRITER_TRACK (COD_SW,COD_TRACK) values ('3','188');
Insert into HR.SONGWRITER_TRACK (COD_SW,COD_TRACK) values ('3','189');
Insert into HR.SONGWRITER_TRACK (COD_SW,COD_TRACK) values ('3','190');
Insert into HR.SONGWRITER_TRACK (COD_SW,COD_TRACK) values ('3','191');
Insert into HR.SONGWRITER_TRACK (COD_SW,COD_TRACK) values ('3','192');
Insert into HR.SONGWRITER_TRACK (COD_SW,COD_TRACK) values ('3','193');
Insert into HR.SONGWRITER_TRACK (COD_SW,COD_TRACK) values ('3','194');
Insert into HR.SONGWRITER_TRACK (COD_SW,COD_TRACK) values ('3','195');
Insert into HR.SONGWRITER_TRACK (COD_SW,COD_TRACK) values ('3','196');
Insert into HR.SONGWRITER_TRACK (COD_SW,COD_TRACK) values ('3','197');
Insert into HR.SONGWRITER_TRACK (COD_SW,COD_TRACK) values ('3','198');
Insert into HR.SONGWRITER_TRACK (COD_SW,COD_TRACK) values ('3','199');
Insert into HR.SONGWRITER_TRACK (COD_SW,COD_TRACK) values ('41','111');
Insert into HR.SONGWRITER_TRACK (COD_SW,COD_TRACK) values ('41','112');
Insert into HR.SONGWRITER_TRACK (COD_SW,COD_TRACK) values ('41','113');
Insert into HR.SONGWRITER_TRACK (COD_SW,COD_TRACK) values ('41','114');
Insert into HR.SONGWRITER_TRACK (COD_SW,COD_TRACK) values ('41','115');
Insert into HR.SONGWRITER_TRACK (COD_SW,COD_TRACK) values ('41','116');
Insert into HR.SONGWRITER_TRACK (COD_SW,COD_TRACK) values ('41','117');
Insert into HR.SONGWRITER_TRACK (COD_SW,COD_TRACK) values ('41','118');
Insert into HR.SONGWRITER_TRACK (COD_SW,COD_TRACK) values ('41','119');
Insert into HR.SONGWRITER_TRACK (COD_SW,COD_TRACK) values ('41','120');
Insert into HR.SONGWRITER_TRACK (COD_SW,COD_TRACK) values ('41','121');
Insert into HR.SONGWRITER_TRACK (COD_SW,COD_TRACK) values ('41','122');
Insert into HR.SONGWRITER_TRACK (COD_SW,COD_TRACK) values ('41','123');
Insert into HR.SONGWRITER_TRACK (COD_SW,COD_TRACK) values ('41','124');
Insert into HR.SONGWRITER_TRACK (COD_SW,COD_TRACK) values ('41','125');
Insert into HR.SONGWRITER_TRACK (COD_SW,COD_TRACK) values ('41','126');
Insert into HR.SONGWRITER_TRACK (COD_SW,COD_TRACK) values ('41','127');
Insert into HR.SONGWRITER_TRACK (COD_SW,COD_TRACK) values ('41','128');
Insert into HR.SONGWRITER_TRACK (COD_SW,COD_TRACK) values ('41','129');
Insert into HR.SONGWRITER_TRACK (COD_SW,COD_TRACK) values ('41','130');
Insert into HR.SONGWRITER_TRACK (COD_SW,COD_TRACK) values ('61','141');
Insert into HR.SONGWRITER_TRACK (COD_SW,COD_TRACK) values ('61','142');
Insert into HR.SONGWRITER_TRACK (COD_SW,COD_TRACK) values ('61','143');
Insert into HR.SONGWRITER_TRACK (COD_SW,COD_TRACK) values ('61','144');
Insert into HR.SONGWRITER_TRACK (COD_SW,COD_TRACK) values ('61','145');
Insert into HR.SONGWRITER_TRACK (COD_SW,COD_TRACK) values ('61','146');
Insert into HR.SONGWRITER_TRACK (COD_SW,COD_TRACK) values ('61','147');
Insert into HR.SONGWRITER_TRACK (COD_SW,COD_TRACK) values ('61','148');
Insert into HR.SONGWRITER_TRACK (COD_SW,COD_TRACK) values ('61','149');
Insert into HR.SONGWRITER_TRACK (COD_SW,COD_TRACK) values ('61','150');
Insert into HR.SONGWRITER_TRACK (COD_SW,COD_TRACK) values ('61','151');
Insert into HR.SONGWRITER_TRACK (COD_SW,COD_TRACK) values ('61','152');
Insert into HR.SONGWRITER_TRACK (COD_SW,COD_TRACK) values ('61','153');
Insert into HR.SONGWRITER_TRACK (COD_SW,COD_TRACK) values ('61','154');
Insert into HR.SONGWRITER_TRACK (COD_SW,COD_TRACK) values ('61','155');
Insert into HR.SONGWRITER_TRACK (COD_SW,COD_TRACK) values ('61','156');
Insert into HR.SONGWRITER_TRACK (COD_SW,COD_TRACK) values ('61','157');
Insert into HR.SONGWRITER_TRACK (COD_SW,COD_TRACK) values ('61','158');
Insert into HR.SONGWRITER_TRACK (COD_SW,COD_TRACK) values ('61','159');
Insert into HR.SONGWRITER_TRACK (COD_SW,COD_TRACK) values ('61','160');
Insert into HR.SONGWRITER_TRACK (COD_SW,COD_TRACK) values ('81','201');
Insert into HR.SONGWRITER_TRACK (COD_SW,COD_TRACK) values ('81','202');
Insert into HR.SONGWRITER_TRACK (COD_SW,COD_TRACK) values ('81','203');
Insert into HR.SONGWRITER_TRACK (COD_SW,COD_TRACK) values ('81','204');
Insert into HR.SONGWRITER_TRACK (COD_SW,COD_TRACK) values ('81','205');
Insert into HR.SONGWRITER_TRACK (COD_SW,COD_TRACK) values ('81','206');
Insert into HR.SONGWRITER_TRACK (COD_SW,COD_TRACK) values ('81','207');
Insert into HR.SONGWRITER_TRACK (COD_SW,COD_TRACK) values ('81','208');
Insert into HR.SONGWRITER_TRACK (COD_SW,COD_TRACK) values ('81','209');
Insert into HR.SONGWRITER_TRACK (COD_SW,COD_TRACK) values ('81','210');
Insert into HR.SONGWRITER_TRACK (COD_SW,COD_TRACK) values ('81','211');
Insert into HR.SONGWRITER_TRACK (COD_SW,COD_TRACK) values ('81','212');
Insert into HR.SONGWRITER_TRACK (COD_SW,COD_TRACK) values ('81','213');
Insert into HR.SONGWRITER_TRACK (COD_SW,COD_TRACK) values ('81','214');
Insert into HR.SONGWRITER_TRACK (COD_SW,COD_TRACK) values ('81','215');
Insert into HR.SONGWRITER_TRACK (COD_SW,COD_TRACK) values ('81','216');
Insert into HR.SONGWRITER_TRACK (COD_SW,COD_TRACK) values ('81','217');
Insert into HR.SONGWRITER_TRACK (COD_SW,COD_TRACK) values ('81','218');
Insert into HR.SONGWRITER_TRACK (COD_SW,COD_TRACK) values ('81','219');
Insert into HR.SONGWRITER_TRACK (COD_SW,COD_TRACK) values ('81','220');
commit;
REM INSERTING into HR.TRACK
SET DEFINE OFF;
Insert into HR.TRACK (COD,DESCRICAO,TIPO_GRAVACAO,POSICAO,COD_CD,COD_COMPOSITION) values ('161','Cálice','DDD','1','61','5');
Insert into HR.TRACK (COD,DESCRICAO,TIPO_GRAVACAO,POSICAO,COD_CD,COD_COMPOSITION) values ('181','Construção','DDD','2','61','5');
Insert into HR.TRACK (COD,DESCRICAO,TIPO_GRAVACAO,POSICAO,COD_CD,COD_COMPOSITION) values ('182','A Banda','DDD','3','61','5');
Insert into HR.TRACK (COD,DESCRICAO,TIPO_GRAVACAO,POSICAO,COD_CD,COD_COMPOSITION) values ('183','O meu amor','DDD','4','61','5');
Insert into HR.TRACK (COD,DESCRICAO,TIPO_GRAVACAO,POSICAO,COD_CD,COD_COMPOSITION) values ('184','Apesar de Você','DDD','5','61','5');
Insert into HR.TRACK (COD,DESCRICAO,TIPO_GRAVACAO,POSICAO,COD_CD,COD_COMPOSITION) values ('185','Pedaço de mim','DDD','6','61','5');
Insert into HR.TRACK (COD,DESCRICAO,TIPO_GRAVACAO,POSICAO,COD_CD,COD_COMPOSITION) values ('186','Olhos nos olhos','DDD','7','61','5');
Insert into HR.TRACK (COD,DESCRICAO,TIPO_GRAVACAO,POSICAO,COD_CD,COD_COMPOSITION) values ('187','João e Maria','DDD','8','61','5');
Insert into HR.TRACK (COD,DESCRICAO,TIPO_GRAVACAO,POSICAO,COD_CD,COD_COMPOSITION) values ('188','Vai passar','DDD','9','61','5');
Insert into HR.TRACK (COD,DESCRICAO,TIPO_GRAVACAO,POSICAO,COD_CD,COD_COMPOSITION) values ('189','Roda viva','DDD','10','61','5');
Insert into HR.TRACK (COD,DESCRICAO,TIPO_GRAVACAO,POSICAO,COD_CD,COD_COMPOSITION) values ('190','Quem te viu, quem te vê','DDD','11','61','5');
Insert into HR.TRACK (COD,DESCRICAO,TIPO_GRAVACAO,POSICAO,COD_CD,COD_COMPOSITION) values ('191','Essa moça ta diferente','DDD','12','61','5');
Insert into HR.TRACK (COD,DESCRICAO,TIPO_GRAVACAO,POSICAO,COD_CD,COD_COMPOSITION) values ('192','Futuros amantes','DDD','13','61','5');
Insert into HR.TRACK (COD,DESCRICAO,TIPO_GRAVACAO,POSICAO,COD_CD,COD_COMPOSITION) values ('193','O Cio Da Terra','DDD','14','61','5');
Insert into HR.TRACK (COD,DESCRICAO,TIPO_GRAVACAO,POSICAO,COD_CD,COD_COMPOSITION) values ('194','Meu caro amigo','DDD','15','61','5');
Insert into HR.TRACK (COD,DESCRICAO,TIPO_GRAVACAO,POSICAO,COD_CD,COD_COMPOSITION) values ('195','História de uma gata','DDD','16','61','5');
Insert into HR.TRACK (COD,DESCRICAO,TIPO_GRAVACAO,POSICAO,COD_CD,COD_COMPOSITION) values ('196','Valsinha','DDD','17','61','5');
Insert into HR.TRACK (COD,DESCRICAO,TIPO_GRAVACAO,POSICAO,COD_CD,COD_COMPOSITION) values ('197','Cotidiano','DDD','18','61','5');
Insert into HR.TRACK (COD,DESCRICAO,TIPO_GRAVACAO,POSICAO,COD_CD,COD_COMPOSITION) values ('198','O Meu Guri','DDD','19','61','5');
Insert into HR.TRACK (COD,DESCRICAO,TIPO_GRAVACAO,POSICAO,COD_CD,COD_COMPOSITION) values ('199','Desalento','DDD','20','61','5');
Insert into HR.TRACK (COD,DESCRICAO,TIPO_GRAVACAO,POSICAO,COD_CD,COD_COMPOSITION) values ('201','Bete Balanço','DDD','1','81','1');
Insert into HR.TRACK (COD,DESCRICAO,TIPO_GRAVACAO,POSICAO,COD_CD,COD_COMPOSITION) values ('202','Amor Meu Grande Amor','DDD','2','81','1');
Insert into HR.TRACK (COD,DESCRICAO,TIPO_GRAVACAO,POSICAO,COD_CD,COD_COMPOSITION) values ('203','Pro dia nascer feliz','DDD','3','81','1');
Insert into HR.TRACK (COD,DESCRICAO,TIPO_GRAVACAO,POSICAO,COD_CD,COD_COMPOSITION) values ('204','Por você','DDD','4','81','1');
Insert into HR.TRACK (COD,DESCRICAO,TIPO_GRAVACAO,POSICAO,COD_CD,COD_COMPOSITION) values ('205','Pra toda vida','DDD','5','81','1');
Insert into HR.TRACK (COD,DESCRICAO,TIPO_GRAVACAO,POSICAO,COD_CD,COD_COMPOSITION) values ('206','Down em mim','DDD','6','81','1');
Insert into HR.TRACK (COD,DESCRICAO,TIPO_GRAVACAO,POSICAO,COD_CD,COD_COMPOSITION) values ('207','O poeta está vivo','DDD','7','81','1');
Insert into HR.TRACK (COD,DESCRICAO,TIPO_GRAVACAO,POSICAO,COD_CD,COD_COMPOSITION) values ('208','Meus bons amigos','DDD','8','81','1');
Insert into HR.TRACK (COD,DESCRICAO,TIPO_GRAVACAO,POSICAO,COD_CD,COD_COMPOSITION) values ('209','Puro êxtase','DDD','9','81','1');
Insert into HR.TRACK (COD,DESCRICAO,TIPO_GRAVACAO,POSICAO,COD_CD,COD_COMPOSITION) values ('210','Por que a gente é assim?','DDD','10','81','1');
Insert into HR.TRACK (COD,DESCRICAO,TIPO_GRAVACAO,POSICAO,COD_CD,COD_COMPOSITION) values ('211','Pense e dance','DDD','11','81','1');
Insert into HR.TRACK (COD,DESCRICAO,TIPO_GRAVACAO,POSICAO,COD_CD,COD_COMPOSITION) values ('212','O tempo não para','DDD','12','81','1');
Insert into HR.TRACK (COD,DESCRICAO,TIPO_GRAVACAO,POSICAO,COD_CD,COD_COMPOSITION) values ('213','A chave da porta da frente','DDD','13','81','1');
Insert into HR.TRACK (COD,DESCRICAO,TIPO_GRAVACAO,POSICAO,COD_CD,COD_COMPOSITION) values ('214','Sorte e Azar','DDD','14','81','1');
Insert into HR.TRACK (COD,DESCRICAO,TIPO_GRAVACAO,POSICAO,COD_CD,COD_COMPOSITION) values ('215','Ponto fraco','DDD','15','81','1');
Insert into HR.TRACK (COD,DESCRICAO,TIPO_GRAVACAO,POSICAO,COD_CD,COD_COMPOSITION) values ('216','Flores do mal','DDD','16','81','1');
Insert into HR.TRACK (COD,DESCRICAO,TIPO_GRAVACAO,POSICAO,COD_CD,COD_COMPOSITION) values ('217','Você se parece com todo mundo','DDD','17','81','1');
Insert into HR.TRACK (COD,DESCRICAO,TIPO_GRAVACAO,POSICAO,COD_CD,COD_COMPOSITION) values ('218','Jardins da Babilônia','DDD','18','81','1');
Insert into HR.TRACK (COD,DESCRICAO,TIPO_GRAVACAO,POSICAO,COD_CD,COD_COMPOSITION) values ('219','Billy negão','DDD','19','81','1');
Insert into HR.TRACK (COD,DESCRICAO,TIPO_GRAVACAO,POSICAO,COD_CD,COD_COMPOSITION) values ('220','Não amo ninguém','DDD','20','81','1');
Insert into HR.TRACK (COD,DESCRICAO,TIPO_GRAVACAO,POSICAO,COD_CD,COD_COMPOSITION) values ('87','A volta do Boêmio','DDD','1','2','5');
Insert into HR.TRACK (COD,DESCRICAO,TIPO_GRAVACAO,POSICAO,COD_CD,COD_COMPOSITION) values ('89','Deusa do Asfalto','DDD','2','2','5');
Insert into HR.TRACK (COD,DESCRICAO,TIPO_GRAVACAO,POSICAO,COD_CD,COD_COMPOSITION) values ('90','Fica comigo esta noite','DDD','3','2','5');
Insert into HR.TRACK (COD,DESCRICAO,TIPO_GRAVACAO,POSICAO,COD_CD,COD_COMPOSITION) values ('91','Mariposa','DDD','4','2','5');
Insert into HR.TRACK (COD,DESCRICAO,TIPO_GRAVACAO,POSICAO,COD_CD,COD_COMPOSITION) values ('92','Meu Dilema','DDD','5','2','5');
Insert into HR.TRACK (COD,DESCRICAO,TIPO_GRAVACAO,POSICAO,COD_CD,COD_COMPOSITION) values ('93','Naquela Mesa','DDD','6','2','5');
Insert into HR.TRACK (COD,DESCRICAO,TIPO_GRAVACAO,POSICAO,COD_CD,COD_COMPOSITION) values ('94','Nega Manhosa','DDD','7','2','5');
Insert into HR.TRACK (COD,DESCRICAO,TIPO_GRAVACAO,POSICAO,COD_CD,COD_COMPOSITION) values ('95','Pensando em ti','DDD','8','2','5');
Insert into HR.TRACK (COD,DESCRICAO,TIPO_GRAVACAO,POSICAO,COD_CD,COD_COMPOSITION) values ('96','Renúncia','DDD','9','2','5');
Insert into HR.TRACK (COD,DESCRICAO,TIPO_GRAVACAO,POSICAO,COD_CD,COD_COMPOSITION) values ('97','Carlos Gardel','DDD','10','2','5');
Insert into HR.TRACK (COD,DESCRICAO,TIPO_GRAVACAO,POSICAO,COD_CD,COD_COMPOSITION) values ('98','Cabloca','DDD','11','2','5');
Insert into HR.TRACK (COD,DESCRICAO,TIPO_GRAVACAO,POSICAO,COD_CD,COD_COMPOSITION) values ('99','As rosas não falam','DDD','12','2','5');
Insert into HR.TRACK (COD,DESCRICAO,TIPO_GRAVACAO,POSICAO,COD_CD,COD_COMPOSITION) values ('100','A flor do meu bairro','DDD','13','2','5');
Insert into HR.TRACK (COD,DESCRICAO,TIPO_GRAVACAO,POSICAO,COD_CD,COD_COMPOSITION) values ('101','Nem as paredes confesso','DDD','14','2','5');
Insert into HR.TRACK (COD,DESCRICAO,TIPO_GRAVACAO,POSICAO,COD_CD,COD_COMPOSITION) values ('102','Hoje quem paga sou eu','DDD','15','2','5');
Insert into HR.TRACK (COD,DESCRICAO,TIPO_GRAVACAO,POSICAO,COD_CD,COD_COMPOSITION) values ('103','Seresta Moderna','DDD','16','2','5');
Insert into HR.TRACK (COD,DESCRICAO,TIPO_GRAVACAO,POSICAO,COD_CD,COD_COMPOSITION) values ('104','Alguém me disse','DDD','17','2','5');
Insert into HR.TRACK (COD,DESCRICAO,TIPO_GRAVACAO,POSICAO,COD_CD,COD_COMPOSITION) values ('105','Cadeira Vazia','DDD','18','2','5');
Insert into HR.TRACK (COD,DESCRICAO,TIPO_GRAVACAO,POSICAO,COD_CD,COD_COMPOSITION) values ('106','Normalista','DDD','19','2','5');
Insert into HR.TRACK (COD,DESCRICAO,TIPO_GRAVACAO,POSICAO,COD_CD,COD_COMPOSITION) values ('107','Aquela Mulher','DDD','20','2','5');
Insert into HR.TRACK (COD,DESCRICAO,TIPO_GRAVACAO,POSICAO,COD_CD,COD_COMPOSITION) values ('111','Sol de Primavera','ADD','1','41','5');
Insert into HR.TRACK (COD,DESCRICAO,TIPO_GRAVACAO,POSICAO,COD_CD,COD_COMPOSITION) values ('112','Roupa Nova','ADD','2','41','5');
Insert into HR.TRACK (COD,DESCRICAO,TIPO_GRAVACAO,POSICAO,COD_CD,COD_COMPOSITION) values ('113','Amor de Índio','ADD','3','41','5');
Insert into HR.TRACK (COD,DESCRICAO,TIPO_GRAVACAO,POSICAO,COD_CD,COD_COMPOSITION) values ('114','Paisagem da Janela','ADD','4','41','5');
Insert into HR.TRACK (COD,DESCRICAO,TIPO_GRAVACAO,POSICAO,COD_CD,COD_COMPOSITION) values ('115','Chapéu de Sol','ADD','5','41','5');
Insert into HR.TRACK (COD,DESCRICAO,TIPO_GRAVACAO,POSICAO,COD_CD,COD_COMPOSITION) values ('116','Feira Moderna','ADD','6','41','5');
Insert into HR.TRACK (COD,DESCRICAO,TIPO_GRAVACAO,POSICAO,COD_CD,COD_COMPOSITION) values ('117','Viagem das Mãos','ADD','7','41','5');
Insert into HR.TRACK (COD,DESCRICAO,TIPO_GRAVACAO,POSICAO,COD_CD,COD_COMPOSITION) values ('118','A Página do Relâmpago Elétrico','ADD','8','41','5');
Insert into HR.TRACK (COD,DESCRICAO,TIPO_GRAVACAO,POSICAO,COD_CD,COD_COMPOSITION) values ('119','Flor da Razão','ADD','9','41','5');
Insert into HR.TRACK (COD,DESCRICAO,TIPO_GRAVACAO,POSICAO,COD_CD,COD_COMPOSITION) values ('120','Andaluz','ADD','10','41','5');
Insert into HR.TRACK (COD,DESCRICAO,TIPO_GRAVACAO,POSICAO,COD_CD,COD_COMPOSITION) values ('121','O Sal da Terra','ADD','11','41','5');
Insert into HR.TRACK (COD,DESCRICAO,TIPO_GRAVACAO,POSICAO,COD_CD,COD_COMPOSITION) values ('122','Gabriel','ADD','12','41','5');
Insert into HR.TRACK (COD,DESCRICAO,TIPO_GRAVACAO,POSICAO,COD_CD,COD_COMPOSITION) values ('123','Lumiar','ADD','13','41','5');
Insert into HR.TRACK (COD,DESCRICAO,TIPO_GRAVACAO,POSICAO,COD_CD,COD_COMPOSITION) values ('124','Tesouro da Juventude','ADD','14','41','5');
Insert into HR.TRACK (COD,DESCRICAO,TIPO_GRAVACAO,POSICAO,COD_CD,COD_COMPOSITION) values ('125','Só primavera','ADD','15','41','5');
Insert into HR.TRACK (COD,DESCRICAO,TIPO_GRAVACAO,POSICAO,COD_CD,COD_COMPOSITION) values ('126','Nascente','ADD','16','41','5');
Insert into HR.TRACK (COD,DESCRICAO,TIPO_GRAVACAO,POSICAO,COD_CD,COD_COMPOSITION) values ('127','Cruzada','ADD','17','41','5');
Insert into HR.TRACK (COD,DESCRICAO,TIPO_GRAVACAO,POSICAO,COD_CD,COD_COMPOSITION) values ('128','Maria Solidária','ADD','18','41','5');
Insert into HR.TRACK (COD,DESCRICAO,TIPO_GRAVACAO,POSICAO,COD_CD,COD_COMPOSITION) values ('129','Olhos de Jade','ADD','19','41','5');
Insert into HR.TRACK (COD,DESCRICAO,TIPO_GRAVACAO,POSICAO,COD_CD,COD_COMPOSITION) values ('130','Choro de Pai','ADD','20','41','5');
Insert into HR.TRACK (COD,DESCRICAO,TIPO_GRAVACAO,POSICAO,COD_CD,COD_COMPOSITION) values ('141','Será','DDD','1','42','1');
Insert into HR.TRACK (COD,DESCRICAO,TIPO_GRAVACAO,POSICAO,COD_CD,COD_COMPOSITION) values ('142','A Dança','DDD','2','42','1');
Insert into HR.TRACK (COD,DESCRICAO,TIPO_GRAVACAO,POSICAO,COD_CD,COD_COMPOSITION) values ('143','Petróleo do Futuro','DDD','3','42','1');
Insert into HR.TRACK (COD,DESCRICAO,TIPO_GRAVACAO,POSICAO,COD_CD,COD_COMPOSITION) values ('144','Ainda é cedo','DDD','4','42','1');
Insert into HR.TRACK (COD,DESCRICAO,TIPO_GRAVACAO,POSICAO,COD_CD,COD_COMPOSITION) values ('145','Perdidos no Espaço','DDD','5','42','1');
Insert into HR.TRACK (COD,DESCRICAO,TIPO_GRAVACAO,POSICAO,COD_CD,COD_COMPOSITION) values ('146','O Reggae','DDD','6','42','1');
Insert into HR.TRACK (COD,DESCRICAO,TIPO_GRAVACAO,POSICAO,COD_CD,COD_COMPOSITION) values ('147','Soldados','DDD','7','42','1');
Insert into HR.TRACK (COD,DESCRICAO,TIPO_GRAVACAO,POSICAO,COD_CD,COD_COMPOSITION) values ('148','Teorema','DDD','8','42','1');
Insert into HR.TRACK (COD,DESCRICAO,TIPO_GRAVACAO,POSICAO,COD_CD,COD_COMPOSITION) values ('149','Por Enquanto','DDD','9','42','1');
Insert into HR.TRACK (COD,DESCRICAO,TIPO_GRAVACAO,POSICAO,COD_CD,COD_COMPOSITION) values ('150','Química','DDD','10','42','1');
Insert into HR.TRACK (COD,DESCRICAO,TIPO_GRAVACAO,POSICAO,COD_CD,COD_COMPOSITION) values ('151','Pais e Filhos','DDD','11','42','1');
Insert into HR.TRACK (COD,DESCRICAO,TIPO_GRAVACAO,POSICAO,COD_CD,COD_COMPOSITION) values ('152','Sereníssima','DDD','12','42','1');
Insert into HR.TRACK (COD,DESCRICAO,TIPO_GRAVACAO,POSICAO,COD_CD,COD_COMPOSITION) values ('153','O Teatro dos Vampiros','DDD','13','42','1');
Insert into HR.TRACK (COD,DESCRICAO,TIPO_GRAVACAO,POSICAO,COD_CD,COD_COMPOSITION) values ('154','Metal Contras as Nuvens','DDD','14','42','1');
Insert into HR.TRACK (COD,DESCRICAO,TIPO_GRAVACAO,POSICAO,COD_CD,COD_COMPOSITION) values ('155','Eu sei','DDD','15','42','1');
Insert into HR.TRACK (COD,DESCRICAO,TIPO_GRAVACAO,POSICAO,COD_CD,COD_COMPOSITION) values ('156','Faroeste Caboclo','DDD','16','42','1');
Insert into HR.TRACK (COD,DESCRICAO,TIPO_GRAVACAO,POSICAO,COD_CD,COD_COMPOSITION) values ('157','Há tempos','DDD','17','42','1');
Insert into HR.TRACK (COD,DESCRICAO,TIPO_GRAVACAO,POSICAO,COD_CD,COD_COMPOSITION) values ('158','Hoje a noite não tem luar','DDD','18','42','1');
Insert into HR.TRACK (COD,DESCRICAO,TIPO_GRAVACAO,POSICAO,COD_CD,COD_COMPOSITION) values ('159','On the way home','DDD','19','42','1');
Insert into HR.TRACK (COD,DESCRICAO,TIPO_GRAVACAO,POSICAO,COD_CD,COD_COMPOSITION) values ('160','Head On','DDD','20','42','1');
commit;
REM INSERTING into HR.EMP_DETAILS_VIEW
SET DEFINE OFF;
--------------------------------------------------------
--  DDL for Index CD_PK
--------------------------------------------------------

  CREATE UNIQUE INDEX "HR"."CD_PK" ON "HR"."CD" ("COD") 
  PCTFREE 10 INITRANS 2 MAXTRANS 255 COMPUTE STATISTICS NOLOGGING 
  STORAGE(INITIAL 65536 NEXT 1048576 MINEXTENTS 1 MAXEXTENTS 2147483645
  PCTINCREASE 0 FREELISTS 1 FREELIST GROUPS 1
  BUFFER_POOL DEFAULT FLASH_CACHE DEFAULT CELL_FLASH_CACHE DEFAULT)
  TABLESPACE "SECOND_FILES" ;
--------------------------------------------------------
--  DDL for Index FAIXA_CD
--------------------------------------------------------

  CREATE BITMAP INDEX "HR"."FAIXA_CD" ON "HR"."TRACK" ("COD_CD") 
  PCTFREE 10 INITRANS 2 MAXTRANS 255 COMPUTE STATISTICS NOLOGGING 
  STORAGE(INITIAL 65536 NEXT 1048576 MINEXTENTS 1 MAXEXTENTS 2147483645
  PCTINCREASE 0 FREELISTS 1 FREELIST GROUPS 1
  BUFFER_POOL DEFAULT FLASH_CACHE DEFAULT CELL_FLASH_CACHE DEFAULT)
  TABLESPACE "OPTIONAL_TB" ;
--------------------------------------------------------
--  DDL for Index FAIXA_COMPOSICAO
--------------------------------------------------------

  CREATE BITMAP INDEX "HR"."FAIXA_COMPOSICAO" ON "HR"."TRACK" ("COD_COMPOSITION") 
  PCTFREE 10 INITRANS 2 MAXTRANS 255 COMPUTE STATISTICS NOLOGGING 
  STORAGE(INITIAL 65536 NEXT 1048576 MINEXTENTS 1 MAXEXTENTS 2147483645
  PCTINCREASE 0 FREELISTS 1 FREELIST GROUPS 1
  BUFFER_POOL DEFAULT FLASH_CACHE DEFAULT CELL_FLASH_CACHE DEFAULT)
  TABLESPACE "OPTIONAL_TB" ;
--------------------------------------------------------
--  DDL for Index FONE_PK
--------------------------------------------------------

  CREATE UNIQUE INDEX "HR"."FONE_PK" ON "HR"."FONE" ("TELEFONE", "COD_GRAVADORA") 
  PCTFREE 10 INITRANS 2 MAXTRANS 255 COMPUTE STATISTICS NOLOGGING 
  STORAGE(INITIAL 65536 NEXT 1048576 MINEXTENTS 1 MAXEXTENTS 2147483645
  PCTINCREASE 0 FREELISTS 1 FREELIST GROUPS 1
  BUFFER_POOL DEFAULT FLASH_CACHE DEFAULT CELL_FLASH_CACHE DEFAULT)
  TABLESPACE "PRIMARY_FILES" ;
--------------------------------------------------------
--  DDL for Index INTERPRETER_PK
--------------------------------------------------------

  CREATE UNIQUE INDEX "HR"."INTERPRETER_PK" ON "HR"."INTERPRETER" ("COD") 
  PCTFREE 10 INITRANS 2 MAXTRANS 255 COMPUTE STATISTICS NOLOGGING 
  STORAGE(INITIAL 65536 NEXT 1048576 MINEXTENTS 1 MAXEXTENTS 2147483645
  PCTINCREASE 0 FREELISTS 1 FREELIST GROUPS 1
  BUFFER_POOL DEFAULT FLASH_CACHE DEFAULT CELL_FLASH_CACHE DEFAULT)
  TABLESPACE "PRIMARY_FILES" ;
--------------------------------------------------------
--  DDL for Index INTERPRETER_TRACK_PK
--------------------------------------------------------

  CREATE UNIQUE INDEX "HR"."INTERPRETER_TRACK_PK" ON "HR"."INTERPRETER_TRACK" ("COD_INTERPRETER", "COD_TRACK") 
  PCTFREE 10 INITRANS 2 MAXTRANS 255 COMPUTE STATISTICS 
  STORAGE(INITIAL 65536 NEXT 1048576 MINEXTENTS 1 MAXEXTENTS 2147483645
  PCTINCREASE 0 FREELISTS 1 FREELIST GROUPS 1
  BUFFER_POOL DEFAULT FLASH_CACHE DEFAULT CELL_FLASH_CACHE DEFAULT)
  TABLESPACE "USERS" ;
--------------------------------------------------------
--  DDL for Index I_SNAP$_AMOUNT_TRACK_CD
--------------------------------------------------------

  CREATE UNIQUE INDEX "HR"."I_SNAP$_AMOUNT_TRACK_CD" ON "HR"."AMOUNT_TRACK_CD" (SYS_OP_MAP_NONNULL("COD_CD")) 
  PCTFREE 10 INITRANS 2 MAXTRANS 255 COMPUTE STATISTICS 
  STORAGE(INITIAL 65536 NEXT 1048576 MINEXTENTS 1 MAXEXTENTS 2147483645
  PCTINCREASE 0 FREELISTS 1 FREELIST GROUPS 1
  BUFFER_POOL DEFAULT FLASH_CACHE DEFAULT CELL_FLASH_CACHE DEFAULT)
  TABLESPACE "USERS" ;
--------------------------------------------------------
--  DDL for Index PERIODMUSICAL_PK
--------------------------------------------------------

  CREATE UNIQUE INDEX "HR"."PERIODMUSICAL_PK" ON "HR"."PERIODMUSICAL" ("COD") 
  PCTFREE 10 INITRANS 2 MAXTRANS 255 COMPUTE STATISTICS NOLOGGING 
  STORAGE(INITIAL 65536 NEXT 1048576 MINEXTENTS 1 MAXEXTENTS 2147483645
  PCTINCREASE 0 FREELISTS 1 FREELIST GROUPS 1
  BUFFER_POOL DEFAULT FLASH_CACHE DEFAULT CELL_FLASH_CACHE DEFAULT)
  TABLESPACE "PRIMARY_FILES" ;
--------------------------------------------------------
--  DDL for Index RECORDCOMPANY_PK
--------------------------------------------------------

  CREATE UNIQUE INDEX "HR"."RECORDCOMPANY_PK" ON "HR"."RECORDCOMPANY" ("COD") 
  PCTFREE 10 INITRANS 2 MAXTRANS 255 COMPUTE STATISTICS NOLOGGING 
  STORAGE(INITIAL 65536 NEXT 1048576 MINEXTENTS 1 MAXEXTENTS 2147483645
  PCTINCREASE 0 FREELISTS 1 FREELIST GROUPS 1
  BUFFER_POOL DEFAULT FLASH_CACHE DEFAULT CELL_FLASH_CACHE DEFAULT)
  TABLESPACE "SECOND_FILES" ;
--------------------------------------------------------
--  DDL for Index SONGWRITER_PK
--------------------------------------------------------

  CREATE UNIQUE INDEX "HR"."SONGWRITER_PK" ON "HR"."SONGWRITER" ("COD") 
  PCTFREE 10 INITRANS 2 MAXTRANS 255 COMPUTE STATISTICS 
  STORAGE(INITIAL 65536 NEXT 1048576 MINEXTENTS 1 MAXEXTENTS 2147483645
  PCTINCREASE 0 FREELISTS 1 FREELIST GROUPS 1
  BUFFER_POOL DEFAULT FLASH_CACHE DEFAULT CELL_FLASH_CACHE DEFAULT)
  TABLESPACE "USERS" ;
--------------------------------------------------------
--  DDL for Index SONGWRITER_TRACK_PK
--------------------------------------------------------

  CREATE UNIQUE INDEX "HR"."SONGWRITER_TRACK_PK" ON "HR"."SONGWRITER_TRACK" ("COD_SW", "COD_TRACK") 
  PCTFREE 10 INITRANS 2 MAXTRANS 255 COMPUTE STATISTICS 
  STORAGE(INITIAL 65536 NEXT 1048576 MINEXTENTS 1 MAXEXTENTS 2147483645
  PCTINCREASE 0 FREELISTS 1 FREELIST GROUPS 1
  BUFFER_POOL DEFAULT FLASH_CACHE DEFAULT CELL_FLASH_CACHE DEFAULT)
  TABLESPACE "USERS" ;
--------------------------------------------------------
--  DDL for Index TABLE1_PK
--------------------------------------------------------

  CREATE UNIQUE INDEX "HR"."TABLE1_PK" ON "HR"."COMPOSITION" ("COD") 
  PCTFREE 10 INITRANS 2 MAXTRANS 255 COMPUTE STATISTICS NOLOGGING 
  STORAGE(INITIAL 65536 NEXT 1048576 MINEXTENTS 1 MAXEXTENTS 2147483645
  PCTINCREASE 0 FREELISTS 1 FREELIST GROUPS 1
  BUFFER_POOL DEFAULT FLASH_CACHE DEFAULT CELL_FLASH_CACHE DEFAULT)
  TABLESPACE "PRIMARY_FILES" ;
--------------------------------------------------------
--  DDL for Index TRACK_PK
--------------------------------------------------------

  CREATE UNIQUE INDEX "HR"."TRACK_PK" ON "HR"."TRACK" ("COD") 
  PCTFREE 10 INITRANS 2 MAXTRANS 255 COMPUTE STATISTICS 
  STORAGE(INITIAL 65536 NEXT 1048576 MINEXTENTS 1 MAXEXTENTS 2147483645
  PCTINCREASE 0 FREELISTS 1 FREELIST GROUPS 1
  BUFFER_POOL DEFAULT FLASH_CACHE DEFAULT CELL_FLASH_CACHE DEFAULT)
  TABLESPACE "USERS" ;
--------------------------------------------------------
--  DDL for Trigger AMOUNT_TRACK_TRG
--------------------------------------------------------

  CREATE OR REPLACE EDITIONABLE TRIGGER "HR"."AMOUNT_TRACK_TRG" 
after insert or update or delete on track
for each row
begin
   if inserting or updating then
      update cd
      set    amount_track = amount_track + 1
      where  cod = :new.cod_cd;
   end if;
   if deleting or updating then
      update cd
      set    amount_track = amount_track - 1
      where  cod = :old.cod_cd;
   end if;
end;
/
ALTER TRIGGER "HR"."AMOUNT_TRACK_TRG" ENABLE;
--------------------------------------------------------
--  DDL for Trigger GERA_CD_COD
--------------------------------------------------------

  CREATE OR REPLACE EDITIONABLE TRIGGER "HR"."GERA_CD_COD" 
 before insert on cd
for each row
begin
  select seq_cd_cod.nextval into :new.cod from dual;
end;
/
ALTER TRIGGER "HR"."GERA_CD_COD" ENABLE;
--------------------------------------------------------
--  DDL for Trigger GERA_COMPOSITION_COD
--------------------------------------------------------

  CREATE OR REPLACE EDITIONABLE TRIGGER "HR"."GERA_COMPOSITION_COD" 
 before insert on composition
for each row
begin
  select seq_composition_cod.nextval into :new.cod from dual;
end;
/
ALTER TRIGGER "HR"."GERA_COMPOSITION_COD" ENABLE;
--------------------------------------------------------
--  DDL for Trigger GERA_INTERPRETER_COD
--------------------------------------------------------

  CREATE OR REPLACE EDITIONABLE TRIGGER "HR"."GERA_INTERPRETER_COD" 
 before insert on interpreter
for each row
begin
  select seq_interpreter_cod.nextval into :new.cod from dual;
end;
/
ALTER TRIGGER "HR"."GERA_INTERPRETER_COD" ENABLE;
--------------------------------------------------------
--  DDL for Trigger GERA_PM_COD
--------------------------------------------------------

  CREATE OR REPLACE EDITIONABLE TRIGGER "HR"."GERA_PM_COD" 
 before insert on periodmusical
for each row
begin
  select seq_pm_cod.nextval into :new.cod from dual;
end;
/
ALTER TRIGGER "HR"."GERA_PM_COD" ENABLE;
--------------------------------------------------------
--  DDL for Trigger GERA_RC_COD
--------------------------------------------------------

  CREATE OR REPLACE EDITIONABLE TRIGGER "HR"."GERA_RC_COD" 
 before insert on recordcompany
for each row
begin
  select seq_rc_cod.nextval into :new.cod from dual;
end;
/
ALTER TRIGGER "HR"."GERA_RC_COD" ENABLE;
--------------------------------------------------------
--  DDL for Trigger GERA_SW_COD
--------------------------------------------------------

  CREATE OR REPLACE EDITIONABLE TRIGGER "HR"."GERA_SW_COD" 
 before insert on songwriter
for each row
begin
  select seq_sw_cod.nextval into :new.cod from dual;
end;
/
ALTER TRIGGER "HR"."GERA_SW_COD" ENABLE;
--------------------------------------------------------
--  DDL for Trigger GERA_TRACK_COD
--------------------------------------------------------

  CREATE OR REPLACE EDITIONABLE TRIGGER "HR"."GERA_TRACK_COD" 
 before insert on track
for each row
begin
  select seq_track_cod.nextval into :new.cod from dual;
end;
/
ALTER TRIGGER "HR"."GERA_TRACK_COD" ENABLE;
--------------------------------------------------------
--  DDL for Trigger NUMBER_FONE_TRG
--------------------------------------------------------

  CREATE OR REPLACE EDITIONABLE TRIGGER "HR"."NUMBER_FONE_TRG" 
after insert or update or delete on fone
for each row
begin
   if inserting or updating then
      update recordcompany
      set    num_fone = num_fone + 1
      where  cod = :new.cod_gravadora;
   end if;
   if deleting then
      update recordcompany
      set    num_fone = num_fone - 1
      where  cod = :old.cod_gravadora;
   end if;
end;
/
ALTER TRIGGER "HR"."NUMBER_FONE_TRG" ENABLE;
--------------------------------------------------------
--  DDL for Procedure ADD_JOB_HISTORY
--------------------------------------------------------
set define off;

  CREATE OR REPLACE EDITIONABLE PROCEDURE "HR"."ADD_JOB_HISTORY" 
  (  p_emp_id          job_history.employee_id%type
   , p_start_date      job_history.start_date%type
   , p_end_date        job_history.end_date%type
   , p_job_id          job_history.job_id%type
   , p_department_id   job_history.department_id%type
   )
IS
BEGIN
  INSERT INTO job_history (employee_id, start_date, end_date,
                           job_id, department_id)
    VALUES(p_emp_id, p_start_date, p_end_date, p_job_id, p_department_id);
END add_job_history;

/
--------------------------------------------------------
--  DDL for Procedure SECURE_DML
--------------------------------------------------------
set define off;

  CREATE OR REPLACE EDITIONABLE PROCEDURE "HR"."SECURE_DML" 
IS
BEGIN
  IF TO_CHAR (SYSDATE, 'HH24:MI') NOT BETWEEN '08:00' AND '18:00'
        OR TO_CHAR (SYSDATE, 'DY') IN ('SAT', 'SUN') THEN
	RAISE_APPLICATION_ERROR (-20205,
		'You may only make changes during normal office hours');
  END IF;
END secure_dml;

/
-- Unable to render SYNONYM DDL for object PUBLIC.DUAL with DBMS_METADATA attempting internal generator.
CREATE PUBLIC SYNONYM DUAL FOR SYS."DUAL"
--------------------------------------------------------
--  Constraints for Table CD
--------------------------------------------------------

  ALTER TABLE "HR"."CD" MODIFY ("COD" NOT NULL ENABLE);
  ALTER TABLE "HR"."CD" MODIFY ("DESCRICAO" NOT NULL ENABLE);
  ALTER TABLE "HR"."CD" MODIFY ("PRECO_COMPRA" NOT NULL ENABLE);
  ALTER TABLE "HR"."CD" MODIFY ("DT_GRAVACAO" NOT NULL ENABLE);
  ALTER TABLE "HR"."CD" MODIFY ("COD_GRAVADORA" NOT NULL ENABLE);
  ALTER TABLE "HR"."CD" ADD CONSTRAINT "CD_PK" PRIMARY KEY ("COD")
  USING INDEX PCTFREE 10 INITRANS 2 MAXTRANS 255 COMPUTE STATISTICS NOLOGGING 
  STORAGE(INITIAL 65536 NEXT 1048576 MINEXTENTS 1 MAXEXTENTS 2147483645
  PCTINCREASE 0 FREELISTS 1 FREELIST GROUPS 1
  BUFFER_POOL DEFAULT FLASH_CACHE DEFAULT CELL_FLASH_CACHE DEFAULT)
  TABLESPACE "SECOND_FILES"  ENABLE;
  ALTER TABLE "HR"."CD" ADD CONSTRAINT "CD_CHK1" CHECK (dt_gravacao > to_date('01/01/1960',  'DD/MM/YYYY')) ENABLE;
  ALTER TABLE "HR"."CD" ADD CONSTRAINT "CK_AMOUNT_TRACK" CHECK (amount_track <= 20) ENABLE;
--------------------------------------------------------
--  Constraints for Table COMPOSITION
--------------------------------------------------------

  ALTER TABLE "HR"."COMPOSITION" MODIFY ("COD" NOT NULL ENABLE);
  ALTER TABLE "HR"."COMPOSITION" MODIFY ("DESCRICAO" NOT NULL ENABLE);
  ALTER TABLE "HR"."COMPOSITION" ADD CONSTRAINT "TABLE1_PK" PRIMARY KEY ("COD")
  USING INDEX PCTFREE 10 INITRANS 2 MAXTRANS 255 COMPUTE STATISTICS NOLOGGING 
  STORAGE(INITIAL 65536 NEXT 1048576 MINEXTENTS 1 MAXEXTENTS 2147483645
  PCTINCREASE 0 FREELISTS 1 FREELIST GROUPS 1
  BUFFER_POOL DEFAULT FLASH_CACHE DEFAULT CELL_FLASH_CACHE DEFAULT)
  TABLESPACE "PRIMARY_FILES"  ENABLE;
--------------------------------------------------------
--  Constraints for Table FONE
--------------------------------------------------------

  ALTER TABLE "HR"."FONE" MODIFY ("TELEFONE" NOT NULL ENABLE);
  ALTER TABLE "HR"."FONE" MODIFY ("COD_GRAVADORA" NOT NULL ENABLE);
  ALTER TABLE "HR"."FONE" ADD CONSTRAINT "FONE_PK" PRIMARY KEY ("TELEFONE", "COD_GRAVADORA")
  USING INDEX PCTFREE 10 INITRANS 2 MAXTRANS 255 COMPUTE STATISTICS NOLOGGING 
  STORAGE(INITIAL 65536 NEXT 1048576 MINEXTENTS 1 MAXEXTENTS 2147483645
  PCTINCREASE 0 FREELISTS 1 FREELIST GROUPS 1
  BUFFER_POOL DEFAULT FLASH_CACHE DEFAULT CELL_FLASH_CACHE DEFAULT)
  TABLESPACE "PRIMARY_FILES"  ENABLE;
--------------------------------------------------------
--  Constraints for Table INTERPRETER
--------------------------------------------------------

  ALTER TABLE "HR"."INTERPRETER" MODIFY ("COD" NOT NULL ENABLE);
  ALTER TABLE "HR"."INTERPRETER" MODIFY ("NOME" NOT NULL ENABLE);
  ALTER TABLE "HR"."INTERPRETER" MODIFY ("TIPO" NOT NULL ENABLE);
  ALTER TABLE "HR"."INTERPRETER" ADD CONSTRAINT "INTERPRETER_PK" PRIMARY KEY ("COD")
  USING INDEX PCTFREE 10 INITRANS 2 MAXTRANS 255 COMPUTE STATISTICS NOLOGGING 
  STORAGE(INITIAL 65536 NEXT 1048576 MINEXTENTS 1 MAXEXTENTS 2147483645
  PCTINCREASE 0 FREELISTS 1 FREELIST GROUPS 1
  BUFFER_POOL DEFAULT FLASH_CACHE DEFAULT CELL_FLASH_CACHE DEFAULT)
  TABLESPACE "PRIMARY_FILES"  ENABLE;
--------------------------------------------------------
--  Constraints for Table INTERPRETER_TRACK
--------------------------------------------------------

  ALTER TABLE "HR"."INTERPRETER_TRACK" MODIFY ("COD_INTERPRETER" NOT NULL ENABLE);
  ALTER TABLE "HR"."INTERPRETER_TRACK" ADD CONSTRAINT "INTERPRETER_TRACK_PK" PRIMARY KEY ("COD_INTERPRETER", "COD_TRACK")
  USING INDEX PCTFREE 10 INITRANS 2 MAXTRANS 255 COMPUTE STATISTICS 
  STORAGE(INITIAL 65536 NEXT 1048576 MINEXTENTS 1 MAXEXTENTS 2147483645
  PCTINCREASE 0 FREELISTS 1 FREELIST GROUPS 1
  BUFFER_POOL DEFAULT FLASH_CACHE DEFAULT CELL_FLASH_CACHE DEFAULT)
  TABLESPACE "USERS"  ENABLE;
  ALTER TABLE "HR"."INTERPRETER_TRACK" MODIFY ("COD_TRACK" NOT NULL ENABLE);
--------------------------------------------------------
--  Constraints for Table PERIODMUSICAL
--------------------------------------------------------

  ALTER TABLE "HR"."PERIODMUSICAL" MODIFY ("COD" NOT NULL ENABLE);
  ALTER TABLE "HR"."PERIODMUSICAL" MODIFY ("DESCRICAO" NOT NULL ENABLE);
  ALTER TABLE "HR"."PERIODMUSICAL" MODIFY ("DT_INICIO" NOT NULL ENABLE);
  ALTER TABLE "HR"."PERIODMUSICAL" MODIFY ("DT_FINAL" NOT NULL ENABLE);
  ALTER TABLE "HR"."PERIODMUSICAL" ADD CONSTRAINT "PERIODMUSICAL_PK" PRIMARY KEY ("COD")
  USING INDEX PCTFREE 10 INITRANS 2 MAXTRANS 255 COMPUTE STATISTICS NOLOGGING 
  STORAGE(INITIAL 65536 NEXT 1048576 MINEXTENTS 1 MAXEXTENTS 2147483645
  PCTINCREASE 0 FREELISTS 1 FREELIST GROUPS 1
  BUFFER_POOL DEFAULT FLASH_CACHE DEFAULT CELL_FLASH_CACHE DEFAULT)
  TABLESPACE "PRIMARY_FILES"  ENABLE;
--------------------------------------------------------
--  Constraints for Table RECORDCOMPANY
--------------------------------------------------------

  ALTER TABLE "HR"."RECORDCOMPANY" MODIFY ("COD" NOT NULL ENABLE);
  ALTER TABLE "HR"."RECORDCOMPANY" MODIFY ("NOME" NOT NULL ENABLE);
  ALTER TABLE "HR"."RECORDCOMPANY" MODIFY ("RUA" NOT NULL ENABLE);
  ALTER TABLE "HR"."RECORDCOMPANY" MODIFY ("NUMERO" NOT NULL ENABLE);
  ALTER TABLE "HR"."RECORDCOMPANY" MODIFY ("CIDADE" NOT NULL ENABLE);
  ALTER TABLE "HR"."RECORDCOMPANY" MODIFY ("SITE" NOT NULL ENABLE);
  ALTER TABLE "HR"."RECORDCOMPANY" ADD CONSTRAINT "RECORDCOMPANY_PK" PRIMARY KEY ("COD")
  USING INDEX PCTFREE 10 INITRANS 2 MAXTRANS 255 COMPUTE STATISTICS NOLOGGING 
  STORAGE(INITIAL 65536 NEXT 1048576 MINEXTENTS 1 MAXEXTENTS 2147483645
  PCTINCREASE 0 FREELISTS 1 FREELIST GROUPS 1
  BUFFER_POOL DEFAULT FLASH_CACHE DEFAULT CELL_FLASH_CACHE DEFAULT)
  TABLESPACE "SECOND_FILES"  ENABLE;
  ALTER TABLE "HR"."RECORDCOMPANY" MODIFY ("NUM_FONE" NOT NULL ENABLE);
  ALTER TABLE "HR"."RECORDCOMPANY" ADD CONSTRAINT "RECORDCOMPANY_CHK1" CHECK (NUM_FONE <= 3) ENABLE;
--------------------------------------------------------
--  Constraints for Table SONGWRITER
--------------------------------------------------------

  ALTER TABLE "HR"."SONGWRITER" MODIFY ("COD" NOT NULL ENABLE);
  ALTER TABLE "HR"."SONGWRITER" MODIFY ("NOME" NOT NULL ENABLE);
  ALTER TABLE "HR"."SONGWRITER" MODIFY ("DT_NASC" NOT NULL ENABLE);
  ALTER TABLE "HR"."SONGWRITER" MODIFY ("COD_PM" NOT NULL ENABLE);
  ALTER TABLE "HR"."SONGWRITER" ADD CONSTRAINT "SONGWRITER_PK" PRIMARY KEY ("COD")
  USING INDEX PCTFREE 10 INITRANS 2 MAXTRANS 255 COMPUTE STATISTICS 
  STORAGE(INITIAL 65536 NEXT 1048576 MINEXTENTS 1 MAXEXTENTS 2147483645
  PCTINCREASE 0 FREELISTS 1 FREELIST GROUPS 1
  BUFFER_POOL DEFAULT FLASH_CACHE DEFAULT CELL_FLASH_CACHE DEFAULT)
  TABLESPACE "USERS"  ENABLE;
--------------------------------------------------------
--  Constraints for Table SONGWRITER_TRACK
--------------------------------------------------------

  ALTER TABLE "HR"."SONGWRITER_TRACK" MODIFY ("COD_TRACK" NOT NULL ENABLE);
  ALTER TABLE "HR"."SONGWRITER_TRACK" MODIFY ("COD_SW" NOT NULL ENABLE);
  ALTER TABLE "HR"."SONGWRITER_TRACK" ADD CONSTRAINT "SONGWRITER_TRACK_PK" PRIMARY KEY ("COD_SW", "COD_TRACK")
  USING INDEX PCTFREE 10 INITRANS 2 MAXTRANS 255 COMPUTE STATISTICS 
  STORAGE(INITIAL 65536 NEXT 1048576 MINEXTENTS 1 MAXEXTENTS 2147483645
  PCTINCREASE 0 FREELISTS 1 FREELIST GROUPS 1
  BUFFER_POOL DEFAULT FLASH_CACHE DEFAULT CELL_FLASH_CACHE DEFAULT)
  TABLESPACE "USERS"  ENABLE;
--------------------------------------------------------
--  Constraints for Table TRACK
--------------------------------------------------------

  ALTER TABLE "HR"."TRACK" MODIFY ("COD" NOT NULL ENABLE);
  ALTER TABLE "HR"."TRACK" MODIFY ("DESCRICAO" NOT NULL ENABLE);
  ALTER TABLE "HR"."TRACK" MODIFY ("TIPO_GRAVACAO" NOT NULL ENABLE);
  ALTER TABLE "HR"."TRACK" MODIFY ("POSICAO" NOT NULL ENABLE);
  ALTER TABLE "HR"."TRACK" ADD CONSTRAINT "TRACK_PK" PRIMARY KEY ("COD")
  USING INDEX PCTFREE 10 INITRANS 2 MAXTRANS 255 COMPUTE STATISTICS 
  STORAGE(INITIAL 65536 NEXT 1048576 MINEXTENTS 1 MAXEXTENTS 2147483645
  PCTINCREASE 0 FREELISTS 1 FREELIST GROUPS 1
  BUFFER_POOL DEFAULT FLASH_CACHE DEFAULT CELL_FLASH_CACHE DEFAULT)
  TABLESPACE "USERS"  ENABLE;
  ALTER TABLE "HR"."TRACK" MODIFY ("COD_COMPOSITION" NOT NULL ENABLE);
  ALTER TABLE "HR"."TRACK" ADD CONSTRAINT "CK_TIPO_GRAVACAO" CHECK (tipo_gravacao = 'DDD' or tipo_gravacao = 'ADD') ENABLE;
--------------------------------------------------------
--  Ref Constraints for Table CD
--------------------------------------------------------

  ALTER TABLE "HR"."CD" ADD CONSTRAINT "CD_FK1" FOREIGN KEY ("COD_GRAVADORA")
	  REFERENCES "HR"."RECORDCOMPANY" ("COD") ENABLE;
--------------------------------------------------------
--  Ref Constraints for Table FONE
--------------------------------------------------------

  ALTER TABLE "HR"."FONE" ADD CONSTRAINT "FONE_FK1" FOREIGN KEY ("COD_GRAVADORA")
	  REFERENCES "HR"."RECORDCOMPANY" ("COD") ON DELETE CASCADE ENABLE;
--------------------------------------------------------
--  Ref Constraints for Table INTERPRETER_TRACK
--------------------------------------------------------

  ALTER TABLE "HR"."INTERPRETER_TRACK" ADD CONSTRAINT "INTERPRETER_TRACK_FK1" FOREIGN KEY ("COD_INTERPRETER")
	  REFERENCES "HR"."INTERPRETER" ("COD") ENABLE;
  ALTER TABLE "HR"."INTERPRETER_TRACK" ADD CONSTRAINT "INTERPRETER_TRACK_FK2" FOREIGN KEY ("COD_TRACK")
	  REFERENCES "HR"."TRACK" ("COD") ON DELETE CASCADE ENABLE;
--------------------------------------------------------
--  Ref Constraints for Table SONGWRITER
--------------------------------------------------------

  ALTER TABLE "HR"."SONGWRITER" ADD CONSTRAINT "SONGWRITER_FK1" FOREIGN KEY ("COD_PM")
	  REFERENCES "HR"."PERIODMUSICAL" ("COD") ENABLE;
--------------------------------------------------------
--  Ref Constraints for Table SONGWRITER_TRACK
--------------------------------------------------------

  ALTER TABLE "HR"."SONGWRITER_TRACK" ADD CONSTRAINT "SONGWRITER_TRACK_FK1" FOREIGN KEY ("COD_SW")
	  REFERENCES "HR"."SONGWRITER" ("COD") ENABLE;
  ALTER TABLE "HR"."SONGWRITER_TRACK" ADD CONSTRAINT "SONGWRITER_TRACK_FK2" FOREIGN KEY ("COD_TRACK")
	  REFERENCES "HR"."TRACK" ("COD") ON DELETE CASCADE ENABLE;
--------------------------------------------------------
--  Ref Constraints for Table TRACK
--------------------------------------------------------

  ALTER TABLE "HR"."TRACK" ADD CONSTRAINT "TRACK_FK2" FOREIGN KEY ("COD_CD")
	  REFERENCES "HR"."CD" ("COD") ON DELETE CASCADE ENABLE;
  ALTER TABLE "HR"."TRACK" ADD CONSTRAINT "TRACK_FK3" FOREIGN KEY ("COD_COMPOSITION")
	  REFERENCES "HR"."COMPOSITION" ("COD") ENABLE;
